<?xml version="1.0" encoding="UTF-8"?>
<beans xmlns="http://www.springframework.org/schema/beans"
	xmlns:xsi="http://www.w3.org/2001/XMLSchema-instance" xmlns:mvc="http://www.springframework.org/schema/mvc"
	xmlns:context="http://www.springframework.org/schema/context"
	xmlns:aop="http://www.springframework.org/schema/aop" xmlns:tx="http://www.springframework.org/schema/tx"
	xsi:schemaLocation="
        http://www.springframework.org/schema/beans 
        http://www.springframework.org/schema/beans/spring-beans-3.0.xsd
        http://www.springframework.org/schema/mvc 
        http://www.springframework.org/schema/mvc/spring-mvc-3.0.xsd
        http://www.springframework.org/schema/context 
        http://www.springframework.org/schema/context/spring-context-3.0.xsd
        http://www.springframework.org/schema/tx
        http://www.springframework.org/schema/tx/spring-tx-3.0.xsd
      http://www.springframework.org/schema/aop
      http://www.springframework.org/schema/aop/spring-aop-3.0.xsd">


	<!-- auto scan -->
	<context:component-scan base-package="com.hsl.ecargo.service" />
	
	<!-- this plugin is for capable to read init.properties in any folder define in ConfigLoader.properties -->
	<bean id="placeholderConfig" class="org.springframework.beans.factory.config.PropertyPlaceholderConfigurer">
		<property name="ignoreUnresolvablePlaceholders" value="true"/>
		<property name="propertiesArray">
            <list>
                <bean factory-bean="propertiesHolder" factory-method="getProperties" />
            </list>
        </property>
	</bean>
	
	<bean id="propertiesHolder" class="com.hsl.ecargo.common.util.config.InitLoader" >
		<property name="path" value="/init.properties" />
	</bean>


	<!-- database source and tranactoin manager configuration-->
	<bean id="dataSource" class="com.mchange.v2.c3p0.ComboPooledDataSource"
		destroy-method="close">
		<property name="driverClass" value="${jdbc.driverClassName}" />
		<property name="jdbcUrl" value="${jdbc.url}" />
		<property name="user" value="${jdbc.username}" />
		<property name="password" value="${jdbc.password}" />
		<property name="maxIdleTime" value="${maxIdleTime}" />
		<property name="maxPoolSize" value="${maxPoolSize}" />
		<property name="minPoolSize" value="${minPoolSize}" />
		<property name="initialPoolSize" value="${initialPoolSize}" />
		<property name="idleConnectionTestPeriod" value="${idleConnectionTestPeriod}" />
	</bean>
	
	<bean id="txManager"
		class="org.springframework.jdbc.datasource.DataSourceTransactionManager">
		<property name="dataSource" ref="dataSource" />
	</bean>
	
	<tx:annotation-driven  
    transaction-manager="txManager" />
	
	<!-- spring-mybatis configuration -->
	<bean id="sqlSessionFactory" class="org.mybatis.spring.SqlSessionFactoryBean">
		<property name="configLocation" value="classpath:mybatis-config.xml" />
		<property name="dataSource" ref="dataSource" />
	</bean>

	 <bean class="org.mybatis.spring.mapper.MapperScannerConfigurer">
		<property name="annotationClass" value="org.springframework.stereotype.Repository" />
		<property name="basePackage" value="com.hsl.ecargo.dao" />
	</bean> 
	
</beans>
