<beans xmlns="http://www.springframework.org/schema/beans"
	xmlns:xsi="http://www.w3.org/2001/XMLSchema-instance" xmlns:context="http://www.springframework.org/schema/context"
	xmlns:mongo="http://www.springframework.org/schema/data/mongo"
	xmlns:mvc="http://www.springframework.org/schema/mvc" xmlns:p="http://www.springframework.org/schema/p"
	xsi:schemaLocation="
	 http://www.springframework.org/schema/context
     http://www.springframework.org/schema/context/spring-context-3.2.xsd	
     http://www.springframework.org/schema/data/mongo
     http://www.springframework.org/schema/data/mongo/spring-mongo-1.2.xsd
     http://www.springframework.org/schema/beans
     http://www.springframework.org/schema/beans/spring-beans-3.2.xsd     
     http://www.springframework.org/schema/mvc  
     http://www.springframework.org/schema/mvc/spring-mvc-3.2.xsd">

	<context:component-scan base-package="com.hsl.ecargo.controller" />

	<!-- jsp viewResolver -->
	<bean id="viewResolver"
		class="org.springframework.web.servlet.view.InternalResourceViewResolver">
		<property name="prefix" value="/WEB-INF/pages/" />
		<property name="suffix" value=".jsp" />
	</bean>
	
	<!-- make response body convert to json string -->
	<bean class="org.springframework.web.servlet.mvc.annotation.AnnotationMethodHandlerAdapter">    
		<property name="messageConverters">    
			<list >    
				<ref bean="mappingJacksonHttpMessageConverter" />    
			</list>    
		</property>    
	</bean>
	<bean id="mappingJacksonHttpMessageConverter" class="org.springframework.http.converter.json.MappingJacksonHttpMessageConverter">  
    <property name="supportedMediaTypes">  
        <list>  
            <value>application/json;charset=UTF-8</value>  
       </list>  
    </property>
</bean>
</beans> 
